optionsId,products,optionCategory,optionName,sizeBasedPricing
options0,composite_shutter0,Tilt Options,Hide-a-Tilt,"{
  ""\""24x24\"""": 50,
  ""\""24x36\"""": 63,
  ""\""24x48\"""": 76,
  ""\""24x60\"""": 89,
  ""\""24x72\"""": 102,
  ""\""24x84\"""": 115,
  ""\""36x24\"""": 63,
  ""\""36x36\"""": 83,
  ""\""36x48\"""": 102,
  ""\""36x60\"""": 122,
  ""\""36x72\"""": 141,
  ""\""36x84\"""": 160,
  ""\""48x24\"""": 76,
  ""\""48x36\"""": 102,
  ""\""48x48\"""": 128,
  ""\""48x60\"""": 154,
  ""\""48x72\"""": 179,
  ""\""48x84\"""": 205,
  ""\""60x24\"""": 89,
  ""\""60x36\"""": 122,
  ""\""60x48\"""": 154,
  ""\""60x60\"""": 186,
  ""\""60x72\"""": 218,
  ""\""60x84\"""": 251,
  ""\""72x24\"""": 102,
  ""\""72x36\"""": 141,
  ""\""72x48\"""": 179,
  ""\""72x60\"""": 218,
  ""\""72x72\"""": 257,
  ""\""72x84\"""": 295
}"
options1,composite_shutter0,Tilt Options,Front Tilt,0
options2,"patio_shade0, patio_shade1",Control Options,Manual Crank,0
options3,"patio_shade0, patio_shade1",Handle Options,Manual Crank Handle,27
options4,"patio_shade0, patio_shade1",Motorization Options,5 Channel Remote,205
options5,patio_shade0,Control Options,Motorized,"{
  ""\""36x36\"""": 785,
  ""\""36x48\"""": 785,
  ""\""36x60\"""": 823,
  ""\""36x72\"""": 857,
  ""\""36x84\"""": 892,
  ""\""36x96\"""": 927,
  ""\""36x108\"""": 962,
  ""\""36x120\"""": 998,
  ""\""48x36\"""": 785,
  ""\""48x48\"""": 785,
  ""\""48x60\"""": 823,
  ""\""48x72\"""": 857,
  ""\""48x84\"""": 892,
  ""\""48x96\"""": 927,
  ""\""48x108\"""": 962,
  ""\""48x120\"""": 998,
  ""\""60x36\"""": 857,
  ""\""60x48\"""": 857,
  ""\""60x60\"""": 895,
  ""\""60x72\"""": 933,
  ""\""60x84\"""": 971,
  ""\""60x96\"""": 1009,
  ""\""60x108\"""": 1047,
  ""\""60x120\"""": 1085,
  ""\""72x36\"""": 926,
  ""\""72x48\"""": 926,
  ""\""72x60\"""": 967,
  ""\""72x72\"""": 1008,
  ""\""72x84\"""": 1049,
  ""\""72x96\"""": 1090,
  ""\""72x108\"""": 1131,
  ""\""72x120\"""": 1173,
  ""\""84x36\"""": 995,
  ""\""84x48\"""": 995,
  ""\""84x60\"""": 1039,
  ""\""84x72\"""": 1083,
  ""\""84x84\"""": 1127,
  ""\""84x96\"""": 1172,
  ""\""84x108\"""": 1216,
  ""\""84x120\"""": 1261,
  ""\""96x36\"""": 1064,
  ""\""96x48\"""": 1064,
  ""\""96x60\"""": 1111,
  ""\""96x72\"""": 1159,
  ""\""96x84\"""": 1206,
  ""\""96x96\"""": 1254,
  ""\""96x108\"""": 1301,
  ""\""96x120\"""": 1348,
  ""\""108x36\"""": 1147,
  ""\""108x48\"""": 1147,
  ""\""108x60\"""": 1200,
  ""\""108x72\"""": 1254,
  ""\""108x84\"""": 1318,
  ""\""108x96\"""": 1373,
  ""\""108x108\"""": 1441,
  ""\""108x120\"""": 1498,
  ""\""120x36\"""": 1218,
  ""\""120x48\"""": 1218,
  ""\""120x60\"""": 1274,
  ""\""120x72\"""": 1331,
  ""\""120x84\"""": 1412,
  ""\""120x96\"""": 1473,
  ""\""120x108\"""": 1532,
  ""\""120x120\"""": 1627,
  ""\""132x36\"""": 1306,
  ""\""132x48\"""": 1306,
  ""\""132x60\"""": 1369,
  ""\""132x72\"""": 1433,
  ""\""132x84\"""": 1524,
  ""\""132x96\"""": 1591,
  ""\""132x108\"""": 1693,
  ""\""132x120\"""": 1763,
  ""\""144x36\"""": 1378,
  ""\""144x48\"""": 1378,
  ""\""144x60\"""": 1445,
  ""\""144x72\"""": 1512,
  ""\""144x84\"""": 1610,
  ""\""144x96\"""": 1715,
  ""\""144x108\"""": 1827
}"
options6,patio_shade1,Control Options,Motorized,"{
  ""\""36x36\"""": 823,
  ""\""36x48\"""": 823,
  ""\""36x60\"""": 869,
  ""\""36x72\"""": 912,
  ""\""36x84\"""": 954,
  ""\""36x96\"""": 996,
  ""\""36x108\"""": 1038,
  ""\""36x120\"""": 1080,
  ""\""48x36\"""": 823,
  ""\""48x48\"""": 823,
  ""\""48x60\"""": 869,
  ""\""48x72\"""": 912,
  ""\""48x84\"""": 954,
  ""\""48x96\"""": 996,
  ""\""48x108\"""": 1038,
  ""\""48x120\"""": 1080,
  ""\""60x36\"""": 905,
  ""\""60x48\"""": 905,
  ""\""60x60\"""": 952,
  ""\""60x72\"""": 999,
  ""\""60x84\"""": 1046,
  ""\""60x96\"""": 1094,
  ""\""60x108\"""": 1141,
  ""\""60x120\"""": 1189,
  ""\""72x36\"""": 984,
  ""\""72x48\"""": 984,
  ""\""72x60\"""": 1035,
  ""\""72x72\"""": 1088,
  ""\""72x84\"""": 1139,
  ""\""72x96\"""": 1192,
  ""\""72x108\"""": 1244,
  ""\""72x120\"""": 1296,
  ""\""84x36\"""": 1062,
  ""\""84x48\"""": 1062,
  ""\""84x60\"""": 1118,
  ""\""84x72\"""": 1175,
  ""\""84x84\"""": 1233,
  ""\""84x96\"""": 1289,
  ""\""84x108\"""": 1347,
  ""\""84x120\"""": 1402,
  ""\""96x36\"""": 1139,
  ""\""96x48\"""": 1139,
  ""\""96x60\"""": 1201,
  ""\""96x72\"""": 1264,
  ""\""96x84\"""": 1326,
  ""\""96x96\"""": 1387,
  ""\""96x108\"""": 1449,
  ""\""96x120\"""": 1510,
  ""\""108x36\"""": 1240,
  ""\""108x48\"""": 1240,
  ""\""108x60\"""": 1312,
  ""\""108x72\"""": 1382,
  ""\""108x84\"""": 1471,
  ""\""108x96\"""": 1545,
  ""\""108x108\"""": 1640,
  ""\""108x120\"""": 1716,
  ""\""120x36\"""": 1321,
  ""\""120x48\"""": 1321,
  ""\""120x60\"""": 1397,
  ""\""120x72\"""": 1474,
  ""\""120x84\"""": 1591,
  ""\""120x96\"""": 1671,
  ""\""120x108\"""": 1752,
  ""\""120x120\"""": 1887,
  ""\""132x36\"""": 1427,
  ""\""132x48\"""": 1427,
  ""\""132x60\"""": 1514,
  ""\""132x72\"""": 1602,
  ""\""132x84\"""": 1733,
  ""\""132x96\"""": 1825,
  ""\""132x108\"""": 1973,
  ""\""132x120\"""": 2071,
  ""\""144x36\"""": 1512,
  ""\""144x48\"""": 1512,
  ""\""144x60\"""": 1604,
  ""\""144x72\"""": 1698,
  ""\""144x84\"""": 1837,
  ""\""144x96\"""": 1990,
  ""\""144x108\"""": 2153
}"
options7,"roller_shade0, roller_shade1, roller_shade2",Headbox Options,Fabric-Wrapped Cassette,"{
  ""\""24x36\"""": 124,
  ""\""24x48\"""": 135,
  ""\""24x60\"""": 145,
  ""\""24x72\"""": 157,
  ""\""24x84\"""": 168,
  ""\""24x96\"""": 178,
  ""\""24x108\"""": 189,
  ""\""24x120\"""": 200,
  ""\""36x36\"""": 158,
  ""\""36x48\"""": 174,
  ""\""36x60\"""": 190,
  ""\""36x72\"""": 206,
  ""\""36x84\"""": 223,
  ""\""36x96\"""": 215,
  ""\""36x108\"""": 255,
  ""\""36x120\"""": 271,
  ""\""48x36\"""": 190,
  ""\""48x48\"""": 212,
  ""\""48x60\"""": 233,
  ""\""48x72\"""": 255,
  ""\""48x84\"""": 276,
  ""\""48x96\"""": 297,
  ""\""48x108\"""": 319,
  ""\""48x120\"""": 340,
  ""\""60x36\"""": 222,
  ""\""60x48\"""": 249,
  ""\""60x60\"""": 276,
  ""\""60x72\"""": 302,
  ""\""60x84\"""": 329,
  ""\""60x96\"""": 355,
  ""\""60x108\"""": 382,
  ""\""60x120\"""": 409,
  ""\""72x36\"""": 255,
  ""\""72x48\"""": 286,
  ""\""72x60\"""": 318,
  ""\""72x72\"""": 350,
  ""\""72x84\"""": 382,
  ""\""72x96\"""": 414,
  ""\""72x108\"""": 446,
  ""\""72x120\"""": 478,
  ""\""84x36\"""": 293,
  ""\""84x48\"""": 330,
  ""\""84x60\"""": 367,
  ""\""84x72\"""": 404,
  ""\""84x84\"""": 441,
  ""\""84x96\"""": 478,
  ""\""84x108\"""": 515,
  ""\""84x120\"""": 552
}"
options8,"roller_shade0, roller_shade1, roller_shade2",Headbox Options,Fabric-Wrapped Fascia,"{
  ""\""24x36\"""": 115,
  ""\""24x48\"""": 125,
  ""\""24x60\"""": 135,
  ""\""24x72\"""": 146,
  ""\""24x84\"""": 156,
  ""\""24x96\"""": 166,
  ""\""24x108\"""": 176,
  ""\""24x120\"""": 186,
  ""\""36x36\"""": 147,
  ""\""36x48\"""": 162,
  ""\""36x60\"""": 177,
  ""\""36x72\"""": 192,
  ""\""36x84\"""": 207,
  ""\""36x96\"""": 200,
  ""\""36x108\"""": 237,
  ""\""36x120\"""": 252,
  ""\""48x36\"""": 177,
  ""\""48x48\"""": 197,
  ""\""48x60\"""": 216,
  ""\""48x72\"""": 236,
  ""\""48x84\"""": 256,
  ""\""48x96\"""": 276,
  ""\""48x108\"""": 296,
  ""\""48x120\"""": 315,
  ""\""60x36\"""": 206,
  ""\""60x48\"""": 231,
  ""\""60x60\"""": 256,
  ""\""60x72\"""": 280,
  ""\""60x84\"""": 305,
  ""\""60x96\"""": 330,
  ""\""60x108\"""": 355,
  ""\""60x120\"""": 379,
  ""\""72x36\"""": 236,
  ""\""72x48\"""": 266,
  ""\""72x60\"""": 296,
  ""\""72x72\"""": 325,
  ""\""72x84\"""": 355,
  ""\""72x96\"""": 385,
  ""\""72x108\"""": 414,
  ""\""72x120\"""": 444,
  ""\""84x36\"""": 272,
  ""\""84x48\"""": 306,
  ""\""84x60\"""": 341,
  ""\""84x72\"""": 375,
  ""\""84x84\"""": 410,
  ""\""84x96\"""": 444,
  ""\""84x108\"""": 478,
  ""\""84x120\"""": 513
}"
options9,"roller_shade0, roller_shade1, roller_shade2",Headbox Options,Metal Fascia,"{
  ""\""24x36\"""": 87,
  ""\""24x48\"""": 94,
  ""\""24x60\"""": 102,
  ""\""24x72\"""": 110,
  ""\""24x84\"""": 117,
  ""\""24x96\"""": 125,
  ""\""24x108\"""": 132,
  ""\""24x120\"""": 140,
  ""\""36x36\"""": 111,
  ""\""36x48\"""": 122,
  ""\""36x60\"""": 133,
  ""\""36x72\"""": 144,
  ""\""36x84\"""": 156,
  ""\""36x96\"""": 151,
  ""\""36x108\"""": 178,
  ""\""36x120\"""": 190,
  ""\""48x36\"""": 133,
  ""\""48x48\"""": 148,
  ""\""48x60\"""": 163,
  ""\""48x72\"""": 178,
  ""\""48x84\"""": 193,
  ""\""48x96\"""": 208,
  ""\""48x108\"""": 223,
  ""\""48x120\"""": 238,
  ""\""60x36\"""": 155,
  ""\""60x48\"""": 174,
  ""\""60x60\"""": 193,
  ""\""60x72\"""": 211,
  ""\""60x84\"""": 230,
  ""\""60x96\"""": 249,
  ""\""60x108\"""": 267,
  ""\""60x120\"""": 286,
  ""\""72x36\"""": 178,
  ""\""72x48\"""": 200,
  ""\""72x60\"""": 223,
  ""\""72x72\"""": 245,
  ""\""72x84\"""": 268,
  ""\""72x96\"""": 290,
  ""\""72x108\"""": 312,
  ""\""72x120\"""": 335,
  ""\""84x36\"""": 205,
  ""\""84x48\"""": 231,
  ""\""84x60\"""": 257,
  ""\""84x72\"""": 283,
  ""\""84x84\"""": 309,
  ""\""84x96\"""": 335,
  ""\""84x108\"""": 360,
  ""\""84x120\"""": 387
}"
options10,"roller_shade0, roller_shade1, roller_shade2",Headbox Options,Standard (Open Roll),0
options11,"roller_shade0, roller_shade1, roller_shade2",Headbox Options,Reverse Roll,0
options12,"roller_shade0, roller_shade1, roller_shade2",Control Options,Cordless,"{
  ""\""24x36\"""": 144,
  ""\""24x48\"""": 143,
  ""\""24x60\"""": 143,
  ""\""24x72\"""": 143,
  ""\""24x84\"""": 143,
  ""\""24x96\"""": 143,
  ""\""24x108\"""": null,
  ""\""24x120\"""": null,
  ""\""36x36\"""": 102,
  ""\""36x48\"""": 113,
  ""\""36x60\"""": 252,
  ""\""36x72\"""": 247,
  ""\""36x84\"""": 245,
  ""\""36x96\"""": 218,
  ""\""36x108\"""": null,
  ""\""36x120\"""": null,
  ""\""48x36\"""": 133,
  ""\""48x48\"""": 210,
  ""\""48x60\"""": 155,
  ""\""48x72\"""": 166,
  ""\""48x84\"""": 459,
  ""\""48x96\"""": 444,
  ""\""48x108\"""": null,
  ""\""48x120\"""": null,
  ""\""60x36\"""": 211,
  ""\""60x48\"""": 223,
  ""\""60x60\"""": 236,
  ""\""60x72\"""": 246,
  ""\""60x84\"""": 259,
  ""\""60x96\"""": 270,
  ""\""60x108\"""": null,
  ""\""60x120\"""": null,
  ""\""72x36\"""": 346,
  ""\""72x48\"""": 356,
  ""\""72x60\"""": 365,
  ""\""72x72\"""": 376,
  ""\""72x84\"""": 384,
  ""\""72x96\"""": 395,
  ""\""72x108\"""": null,
  ""\""72x120\"""": null,
  ""\""84x36\"""": 119,
  ""\""84x48\"""": 137,
  ""\""84x60\"""": 626,
  ""\""84x72\"""": 621,
  ""\""84x84\"""": 620,
  ""\""84x96\"""": 619,
  ""\""84x108\"""": null,
  ""\""84x120\"""": null
}"
options13,"roller_shade0, roller_shade1, roller_shade2",Control Options,Continuous Loop,0
options14,"roller_shade0, roller_shade1, roller_shade2",Control Options,Motorized,167
options15,"roller_shade0, roller_shade1, roller_shade2",Motorization Options,5 Channel Remote,39
options16,"roller_shade0, roller_shade1, roller_shade2",Motorization Options,Charger,31
options17,"natural_shade0, natural_shade1, natural_shade2, natural_shade3, natural_shade4, natural_shade5, natural_shade6, natural_shade7, natural_shade8, natural_shade9, natural_shade10, natural_shade11, natural_shade12, natural_shade13, natural_shade14",Liner Options,No Liner,0
options18,"natural_shade0, natural_shade1, natural_shade2, natural_shade3, natural_shade4, natural_shade5, natural_shade6, natural_shade7, natural_shade8, natural_shade9, natural_shade10, natural_shade11, natural_shade12, natural_shade13, natural_shade14",Liner Options,Privacy Liner,"{
  ""\""24x36\"""": 41,
  ""\""24x48\"""": 41,
  ""\""24x60\"""": 41,
  ""\""24x72\"""": 41,
  ""\""24x84\"""": 41,
  ""\""24x96\"""": 41,
  ""\""36x36\"""": 53,
  ""\""36x48\"""": 53,
  ""\""36x60\"""": 53,
  ""\""36x72\"""": 53,
  ""\""36x84\"""": 53,
  ""\""36x96\"""": 53,
  ""\""48x36\"""": 76,
  ""\""48x48\"""": 76,
  ""\""48x60\"""": 76,
  ""\""48x72\"""": 76,
  ""\""48x84\"""": 76,
  ""\""48x96\"""": 76,
  ""\""60x36\"""": 96,
  ""\""60x48\"""": 96,
  ""\""60x60\"""": 96,
  ""\""60x72\"""": 96,
  ""\""60x84\"""": 96,
  ""\""60x96\"""": 96,
  ""\""72x36\"""": 111,
  ""\""72x48\"""": 111,
  ""\""72x60\"""": 111,
  ""\""72x72\"""": 111,
  ""\""72x84\"""": 111,
  ""\""72x96\"""": 111,
  ""\""84x36\"""": 124,
  ""\""84x48\"""": 124,
  ""\""84x60\"""": 124,
  ""\""84x72\"""": 124,
  ""\""84x84\"""": 124,
  ""\""84x96\"""": 124
}"
options19,"natural_shade0, natural_shade1, natural_shade2, natural_shade3, natural_shade4, natural_shade5, natural_shade6, natural_shade7, natural_shade8, natural_shade9, natural_shade10, natural_shade11, natural_shade12, natural_shade13, natural_shade14",Liner Options,Blackout Liner,"{
  ""\""24x36\"""": 47,
  ""\""24x48\"""": 47,
  ""\""24x60\"""": 47,
  ""\""24x72\"""": 47,
  ""\""24x84\"""": 47,
  ""\""24x96\"""": 47,
  ""\""36x36\"""": 61,
  ""\""36x48\"""": 61,
  ""\""36x60\"""": 61,
  ""\""36x72\"""": 61,
  ""\""36x84\"""": 61,
  ""\""36x96\"""": 61,
  ""\""48x36\"""": 93,
  ""\""48x48\"""": 93,
  ""\""48x60\"""": 93,
  ""\""48x72\"""": 93,
  ""\""48x84\"""": 93,
  ""\""48x96\"""": 93,
  ""\""60x36\"""": 116,
  ""\""60x48\"""": 116,
  ""\""60x60\"""": 116,
  ""\""60x72\"""": 116,
  ""\""60x84\"""": 116,
  ""\""60x96\"""": 116,
  ""\""72x36\"""": 134,
  ""\""72x48\"""": 134,
  ""\""72x60\"""": 134,
  ""\""72x72\"""": 134,
  ""\""72x84\"""": 134,
  ""\""72x96\"""": 134,
  ""\""84x36\"""": 152,
  ""\""84x48\"""": 152,
  ""\""84x60\"""": 152,
  ""\""84x72\"""": 152,
  ""\""84x84\"""": 152,
  ""\""84x96\"""": 152
}"
options20,"natural_shade0, natural_shade1, natural_shade2, natural_shade3, natural_shade4, natural_shade5, natural_shade6, natural_shade7, natural_shade8, natural_shade9, natural_shade10, natural_shade11, natural_shade12, natural_shade13, natural_shade14",Banding Options,"1/2"" Banding","{
  ""\""24x36\"""": 23,
  ""\""24x48\"""": 23,
  ""\""24x60\"""": 23,
  ""\""24x72\"""": 23,
  ""\""24x84\"""": 23,
  ""\""24x96\"""": 23,
  ""\""36x36\"""": 23,
  ""\""36x48\"""": 23,
  ""\""36x60\"""": 23,
  ""\""36x72\"""": 23,
  ""\""36x84\"""": 23,
  ""\""36x96\"""": 23,
  ""\""48x36\"""": 26,
  ""\""48x48\"""": 26,
  ""\""48x60\"""": 26,
  ""\""48x72\"""": 26,
  ""\""48x84\"""": 26,
  ""\""48x96\"""": 26,
  ""\""60x36\"""": 29,
  ""\""60x48\"""": 29,
  ""\""60x60\"""": 29,
  ""\""60x72\"""": 29,
  ""\""60x84\"""": 29,
  ""\""60x96\"""": 29,
  ""\""72x36\"""": 32,
  ""\""72x48\"""": 32,
  ""\""72x60\"""": 32,
  ""\""72x72\"""": 32,
  ""\""72x84\"""": 32,
  ""\""72x96\"""": 32,
  ""\""84x36\"""": 35,
  ""\""84x48\"""": 35,
  ""\""84x60\"""": 35,
  ""\""84x72\"""": 35,
  ""\""84x84\"""": 35,
  ""\""84x96\"""": 35
}"
options21,"natural_shade0, natural_shade1, natural_shade2, natural_shade3, natural_shade4, natural_shade5, natural_shade6, natural_shade7, natural_shade8, natural_shade9, natural_shade10, natural_shade11, natural_shade12, natural_shade13, natural_shade14",Shade Styles,Waterfall,0
options22,"natural_shade0, natural_shade1, natural_shade2, natural_shade3, natural_shade4, natural_shade5, natural_shade6, natural_shade7, natural_shade8, natural_shade9, natural_shade10, natural_shade11, natural_shade12, natural_shade13, natural_shade14",Shade Styles,Flat Fold,0
options23,natural_shade0,Shade Styles,Hobbled,"{
  ""\""24x36\"""": 97,
  ""\""24x48\"""": 100,
  ""\""24x60\"""": 109,
  ""\""24x72\"""": 118,
  ""\""24x84\"""": 121,
  ""\""24x96\"""": 131,
  ""\""36x36\"""": 120,
  ""\""36x48\"""": 124,
  ""\""36x60\"""": 136,
  ""\""36x72\"""": 150,
  ""\""36x84\"""": 154,
  ""\""36x96\"""": 167,
  ""\""48x36\"""": 148,
  ""\""48x48\"""": 154,
  ""\""48x60\"""": 170,
  ""\""48x72\"""": 185,
  ""\""48x84\"""": 191,
  ""\""48x96\"""": 208,
  ""\""60x36\"""": 176,
  ""\""60x48\"""": 183,
  ""\""60x60\"""": 203,
  ""\""60x72\"""": 221,
  ""\""60x84\"""": 228,
  ""\""60x96\"""": 249,
  ""\""72x36\"""": 214,
  ""\""72x48\"""": 222,
  ""\""72x60\"""": 246,
  ""\""72x72\"""": 269,
  ""\""72x84\"""": 277,
  ""\""72x96\"""": 301,
  ""\""84x36\"""": 246,
  ""\""84x48\"""": 256,
  ""\""84x60\"""": 283,
  ""\""84x72\"""": 310,
  ""\""84x84\"""": 319,
  ""\""84x96\"""": 347
}"
options24,natural_shade1,Shade Styles,Hobbled,"{
  ""\""24x36\"""": 113,
  ""\""24x48\"""": 121,
  ""\""24x60\"""": 133,
  ""\""24x72\"""": 143,
  ""\""24x84\"""": 150,
  ""\""24x96\"""": 163,
  ""\""36x36\"""": 141,
  ""\""36x48\"""": 152,
  ""\""36x60\"""": 168,
  ""\""36x72\"""": 184,
  ""\""36x84\"""": 194,
  ""\""36x96\"""": 212,
  ""\""48x36\"""": 175,
  ""\""48x48\"""": 188,
  ""\""48x60\"""": 210,
  ""\""48x72\"""": 230,
  ""\""48x84\"""": 243,
  ""\""48x96\"""": 266,
  ""\""60x36\"""": 209,
  ""\""60x48\"""": 226,
  ""\""60x60\"""": 253,
  ""\""60x72\"""": 278,
  ""\""60x84\"""": 295,
  ""\""60x96\"""": 322,
  ""\""72x36\"""": 253,
  ""\""72x48\"""": 273,
  ""\""72x60\"""": 305,
  ""\""72x72\"""": 335,
  ""\""72x84\"""": 355,
  ""\""72x96\"""": 387,
  ""\""84x36\"""": 292,
  ""\""84x48\"""": 315,
  ""\""84x60\"""": 352,
  ""\""84x72\"""": 387,
  ""\""84x84\"""": 410,
  ""\""84x96\"""": 447
}"
options25,"natural_shade2, natural_shade3, natural_shade4, natural_shade5, natural_shade6",Shade Styles,Hobbled,"{
  ""\""24x36\"""": 126,
  ""\""24x48\"""": 136,
  ""\""24x60\"""": 150,
  ""\""24x72\"""": 163,
  ""\""24x84\"""": 172,
  ""\""24x96\"""": 187,
  ""\""36x36\"""": 159,
  ""\""36x48\"""": 173,
  ""\""36x60\"""": 193,
  ""\""36x72\"""": 212,
  ""\""36x84\"""": 226,
  ""\""36x96\"""": 247,
  ""\""48x36\"""": 198,
  ""\""48x48\"""": 217,
  ""\""48x60\"""": 242,
  ""\""48x72\"""": 266,
  ""\""48x84\"""": 284,
  ""\""48x96\"""": 312,
  ""\""60x36\"""": 237,
  ""\""60x48\"""": 261,
  ""\""60x60\"""": 292,
  ""\""60x72\"""": 322,
  ""\""60x84\"""": 345,
  ""\""60x96\"""": 378,
  ""\""72x36\"""": 287,
  ""\""72x48\"""": 316,
  ""\""72x60\"""": 353,
  ""\""72x72\"""": 389,
  ""\""72x84\"""": 416,
  ""\""72x96\"""": 455,
  ""\""84x36\"""": 332,
  ""\""84x48\"""": 364,
  ""\""84x60\"""": 407,
  ""\""84x72\"""": 449,
  ""\""84x84\"""": 481,
  ""\""84x96\"""": 525
}"
options26,"natural_shade7, natural_shade8, natural_shade9, natural_shade10",Shade Styles,Hobbled,"{
  ""\""24x36\"""": 134,
  ""\""24x48\"""": 147,
  ""\""24x60\"""": 163,
  ""\""24x72\"""": 177,
  ""\""24x84\"""": 190,
  ""\""24x96\"""": 206,
  ""\""36x36\"""": 171,
  ""\""36x48\"""": 189,
  ""\""36x60\"""": 212,
  ""\""36x72\"""": 233,
  ""\""36x84\"""": 251,
  ""\""36x96\"""": 275,
  ""\""48x36\"""": 214,
  ""\""48x48\"""": 238,
  ""\""48x60\"""": 267,
  ""\""48x72\"""": 294,
  ""\""48x84\"""": 319,
  ""\""48x96\"""": 350,
  ""\""60x36\"""": 257,
  ""\""60x48\"""": 288,
  ""\""60x60\"""": 324,
  ""\""60x72\"""": 357,
  ""\""60x84\"""": 388,
  ""\""60x96\"""": 425,
  ""\""72x36\"""": 311,
  ""\""72x48\"""": 348,
  ""\""72x60\"""": 390,
  ""\""72x72\"""": 431,
  ""\""72x84\"""": 467,
  ""\""72x96\"""": 511,
  ""\""84x36\"""": 359,
  ""\""84x48\"""": 401,
  ""\""84x60\"""": 450,
  ""\""84x72\"""": 499,
  ""\""84x84\"""": 541,
  ""\""84x96\"""": 591
}"
options27,"natural_shade11, natural_shade12, natural_shade13, natural_shade14",Shade Styles,Hobbled,"{
  ""\""24x36\"""": 155,
  ""\""24x48\"""": 173,
  ""\""24x60\"""": 194,
  ""\""24x72\"""": 213,
  ""\""24x84\"""": 230,
  ""\""24x96\"""": 252,
  ""\""36x36\"""": 202,
  ""\""36x48\"""": 227,
  ""\""36x60\"""": 258,
  ""\""36x72\"""": 287,
  ""\""36x84\"""": 312,
  ""\""36x96\"""": 344,
  ""\""48x36\"""": 254,
  ""\""48x48\"""": 289,
  ""\""48x60\"""": 329,
  ""\""48x72\"""": 366,
  ""\""48x84\"""": 400,
  ""\""48x96\"""": 441,
  ""\""60x36\"""": 308,
  ""\""60x48\"""": 351,
  ""\""60x60\"""": 400,
  ""\""60x72\"""": 447,
  ""\""60x84\"""": 490,
  ""\""60x96\"""": 539,
  ""\""72x36\"""": 372,
  ""\""72x48\"""": 424,
  ""\""72x60\"""": 482,
  ""\""72x72\"""": 538,
  ""\""72x84\"""": 590,
  ""\""72x96\"""": 648,
  ""\""84x36\"""": 431,
  ""\""84x48\"""": 491,
  ""\""84x60\"""": 558,
  ""\""84x72\"""": 624,
  ""\""84x84\"""": 683,
  ""\""84x96\"""": 751
}"
options28,"natural_shade0, natural_shade1, natural_shade2, natural_shade3, natural_shade4, natural_shade5, natural_shade6, natural_shade7, natural_shade8, natural_shade9, natural_shade10, natural_shade11, natural_shade12, natural_shade13, natural_shade14",Control Options,Cordless,"{
  ""\""24x36"": 0,
  ""\""24x48"": 0,
  ""\""24x60"": 0,
  ""\""24x72"": 0,
  ""\""24x84"": null,
  ""\""24x96"": null,
  ""\""36x36"": 0,
  ""\""36x48"": 0,
  ""\""36x60"": 0,
  ""\""36x72"": 0,
  ""\""36x84"": null,
  ""\""36x96"": null,
  ""\""48x36"": 0,
  ""\""48x48"": 0,
  ""\""48x60"": 0,
  ""\""48x72"": 0,
  ""\""48x84"": null,
  ""\""48x96"": null,
  ""\""60x36"": 0,
  ""\""60x48"": 0,
  ""\""60x60"": 0,
  ""\""60x72"": 0,
  ""\""60x84"": null,
  ""\""60x96"": null,
  ""\""72x36"": 0,
  ""\""72x48"": 0,
  ""\""72x60"": 0,
  ""\""72x72"": 0,
  ""\""72x84"": null,
  ""\""72x96"": null,
  ""\""84x36"": null,
  ""\""84x48"": null,
  ""\""84x60"": null,
  ""\""84x72"": null,
  ""\""84x84"": null,
  ""\""84x96"": null
}"
options29,"natural_shade0, natural_shade1, natural_shade2, natural_shade3, natural_shade4, natural_shade5, natural_shade6, natural_shade7, natural_shade8, natural_shade9, natural_shade10, natural_shade11, natural_shade12, natural_shade13, natural_shade14",Control Options,Loop Control,0
options30,"natural_shade0, natural_shade1, natural_shade2, natural_shade3, natural_shade4, natural_shade5, natural_shade6, natural_shade7, natural_shade8, natural_shade9, natural_shade10, natural_shade11, natural_shade12, natural_shade13, natural_shade14",Control Options,Motorized,500
options31,"natural_shade2, natural_shade3, natural_shade4, natural_shade5, natural_shade6",Control Options,Top-Down-Bottom-Up,"{
  ""\""24x36"": 80,
  ""\""24x48"": 86,
  ""\""24x60"": 95,
  ""\""24x72"": 103,
  ""\""24x84"": 109,
  ""\""24x96"": 119,
  ""\""36x36"": 101,
  ""\""36x48"": 110,
  ""\""36x60"": 122,
  ""\""36x72"": 134,
  ""\""36x84"": 143,
  ""\""36x96"": 156,
  ""\""48x36"": 125,
  ""\""48x48"": 137,
  ""\""48x60"": 154,
  ""\""48x72"": 168,
  ""\""48x84"": 180,
  ""\""48x96"": 197,
  ""\""60x36"": 150,
  ""\""60x48"": 165,
  ""\""60x60"": 185,
  ""\""60x72"": 204,
  ""\""60x84"": 219,
  ""\""60x96"": 239,
  ""\""72x36"": 182,
  ""\""72x48"": 200,
  ""\""72x60"": 223,
  ""\""72x72"": 246,
  ""\""72x84"": 264,
  ""\""72x96"": 288,
  ""\""84x36"": 210,
  ""\""84x48"": 230,
  ""\""84x60"": 258,
  ""\""84x72"": 284,
  ""\""84x84"": 305,
  ""\""84x96"": 333
}"
options32,"natural_shade7, natural_shade8, natural_shade9, natural_shade10",Control Options,Top-Down-Bottom-Up,"{
  ""\""24x36"": 85,
  ""\""24x48"": 93,
  ""\""24x60"": 103,
  ""\""24x72"": 112,
  ""\""24x84"": 120,
  ""\""24x96"": 131,
  ""\""36x36"": 108,
  ""\""36x48"": 120,
  ""\""36x60"": 134,
  ""\""36x72"": 148,
  ""\""36x84"": 159,
  ""\""36x96"": 174,
  ""\""48x36"": 135,
  ""\""48x48"": 151,
  ""\""48x60"": 169,
  ""\""48x72"": 186,
  ""\""48x84"": 202,
  ""\""48x96"": 221,
  ""\""60x36"": 163,
  ""\""60x48"": 182,
  ""\""60x60"": 205,
  ""\""60x72"": 226,
  ""\""60x84"": 246,
  ""\""60x96"": 269,
  ""\""72x36"": 197,
  ""\""72x48"": 220,
  ""\""72x60"": 247,
  ""\""72x72"": 273,
  ""\""72x84"": 296,
  ""\""72x96"": 324,
  ""\""84x36"": 227,
  ""\""84x48"": 254,
  ""\""84x60"": 285,
  ""\""84x72"": 316,
  ""\""84x84"": 342,
  ""\""84x96"": 374
}"
options33,"natural_shade11, natural_shade12, natural_shade13, natural_shade14",Control Options,Top-Down-Bottom-Up,"{
  ""\""24x36"": 98,
  ""\""24x48"": 109,
  ""\""24x60"": 123,
  ""\""24x72"": 135,
  ""\""24x84"": 146,
  ""\""24x96"": 160,
  ""\""36x36"": 128,
  ""\""36x48"": 144,
  ""\""36x60"": 163,
  ""\""36x72"": 181,
  ""\""36x84"": 198,
  ""\""36x96"": 218,
  ""\""48x36"": 161,
  ""\""48x48"": 183,
  ""\""48x60"": 208,
  ""\""48x72"": 232,
  ""\""48x84"": 253,
  ""\""48x96"": 279,
  ""\""60x36"": 195,
  ""\""60x48"": 222,
  ""\""60x60"": 253,
  ""\""60x72"": 283,
  ""\""60x84"": 310,
  ""\""60x96"": 342,
  ""\""72x36"": 236,
  ""\""72x48"": 269,
  ""\""72x60"": 305,
  ""\""72x72"": 341,
  ""\""72x84"": 373,
  ""\""72x96"": 411,
  ""\""84x36"": 273,
  ""\""84x48"": 311,
  ""\""84x60"": 353,
  ""\""84x72"": 395,
  ""\""84x84"": 433,
  ""\""84x96"": 476
}"
options34,"natural_shade0, natural_shade1, natural_shade2, natural_shade3, natural_shade4, natural_shade5, natural_shade6, natural_shade7, natural_shade8, natural_shade9, natural_shade10, natural_shade11, natural_shade12, natural_shade13, natural_shade14",Motorization Options,15 Channel Remote,97
options35,"natural_shade0, natural_shade1, natural_shade2, natural_shade3, natural_shade4, natural_shade5, natural_shade6, natural_shade7, natural_shade8, natural_shade9, natural_shade10, natural_shade11, natural_shade12, natural_shade13, natural_shade14",Motorization Options,Charger,36
options36,"roman_shade0, roman_shade1, roman_shade2, roman_shade3, roman_shade4, roman_shade5, roman_shade6, roman_shade7, roman_shade8, roman_shade9, roman_shade10, roman_shade11, roman_shade12, roman_shade13, roman_shade14",Liner Options,No Liner,0
options37,"roman_shade0, roman_shade1, roman_shade2, roman_shade3, roman_shade4, roman_shade5, roman_shade6, roman_shade7, roman_shade8, roman_shade9, roman_shade10, roman_shade11, roman_shade12, roman_shade13, roman_shade14",Liner Options,Standard Liner,0
options38,"roman_shade0, roman_shade1, roman_shade2, roman_shade3, roman_shade4, roman_shade5, roman_shade6, roman_shade7, roman_shade8, roman_shade9, roman_shade10, roman_shade11, roman_shade12, roman_shade13, roman_shade14",Liner Options,Dimout Liner,"{
  ""\""24x36"": 20,
  ""\""24x48"": 20,
  ""\""24x60"": 20,
  ""\""24x72"": 20,
  ""\""24x84"": 20,
  ""\""24x96"": 20,
  ""\""36x36"": 24,
  ""\""36x48"": 24,
  ""\""36x60"": 24,
  ""\""36x72"": 24,
  ""\""36x84"": 24,
  ""\""36x96"": 24,
  ""\""48x36"": 25,
  ""\""48x48"": 25,
  ""\""48x60"": 25,
  ""\""48x72"": 25,
  ""\""48x84"": 25,
  ""\""48x96"": 25,
  ""\""60x36"": 28,
  ""\""60x48"": 28,
  ""\""60x60"": 28,
  ""\""60x72"": 28,
  ""\""60x84"": 28,
  ""\""60x96"": 28,
  ""\""72x36"": 31,
  ""\""72x48"": 31,
  ""\""72x60"": 31,
  ""\""72x72"": 31,
  ""\""72x84"": 31,
  ""\""72x96"": 31,
  ""\""84x36"": 34,
  ""\""84x48"": 34,
  ""\""84x60"": 34,
  ""\""84x72"": 34,
  ""\""84x84"": 34,
  ""\""84x96"": 34,
  ""\""96x36"": 38,
  ""\""96x48"": 38,
  ""\""96x60"": 38,
  ""\""96x72"": 38,
  ""\""96x84"": 38,
  ""\""96x96"": 38
}"
options39,"roman_shade0, roman_shade1, roman_shade2, roman_shade3, roman_shade4, roman_shade5, roman_shade6, roman_shade7, roman_shade8, roman_shade9, roman_shade10, roman_shade11, roman_shade12, roman_shade13, roman_shade14",Liner Options,Blackout Liner,"{
  ""\""24x36"": 32,
  ""\""24x48"": 32,
  ""\""24x60"": 32,
  ""\""24x72"": 32,
  ""\""24x84"": 32,
  ""\""24x96"": 32,
  ""\""36x36"": 38,
  ""\""36x48"": 38,
  ""\""36x60"": 38,
  ""\""36x72"": 38,
  ""\""36x84"": 38,
  ""\""36x96"": 38,
  ""\""48x36"": 40,
  ""\""48x48"": 40,
  ""\""48x60"": 40,
  ""\""48x72"": 40,
  ""\""48x84"": 40,
  ""\""48x96"": 40,
  ""\""60x36"": 45,
  ""\""60x48"": 45,
  ""\""60x60"": 45,
  ""\""60x72"": 45,
  ""\""60x84"": 45,
  ""\""60x96"": 45,
  ""\""72x36"": 50,
  ""\""72x48"": 50,
  ""\""72x60"": 50,
  ""\""72x72"": 50,
  ""\""72x84"": 50,
  ""\""72x96"": 50,
  ""\""84x36"": 54,
  ""\""84x48"": 54,
  ""\""84x60"": 54,
  ""\""84x72"": 54,
  ""\""84x84"": 54,
  ""\""84x96"": 54,
  ""\""96x36"": 59,
  ""\""96x48"": 59,
  ""\""96x60"": 59,
  ""\""96x72"": 59,
  ""\""96x84"": 59,
  ""\""96x96"": 59
}"
options40,"roman_shade0, roman_shade1, roman_shade2, roman_shade3, roman_shade4, roman_shade5, roman_shade6, roman_shade7, roman_shade8, roman_shade9, roman_shade10, roman_shade11, roman_shade12, roman_shade13, roman_shade14",Additional Options,Decorative Tape,"{
  ""\""24x36"": 96,
  ""\""24x48"": 128,
  ""\""24x60"": 160,
  ""\""24x72"": 192,
  ""\""24x84"": 224,
  ""\""24x96"": 255,
  ""\""36x36"": 96,
  ""\""36x48"": 128,
  ""\""36x60"": 160,
  ""\""36x72"": 192,
  ""\""36x84"": 224,
  ""\""36x96"": 255,
  ""\""48x36"": 96,
  ""\""48x48"": 128,
  ""\""48x60"": 160,
  ""\""48x72"": 192,
  ""\""48x84"": 224,
  ""\""48x96"": 255,
  ""\""60x36"": 96,
  ""\""60x48"": 128,
  ""\""60x60"": 160,
  ""\""60x72"": 192,
  ""\""60x84"": 224,
  ""\""60x96"": 255,
  ""\""72x36"": 96,
  ""\""72x48"": 128,
  ""\""72x60"": 160,
  ""\""72x72"": 192,
  ""\""72x84"": 224,
  ""\""72x96"": 255,
  ""\""84x36"": 96,
  ""\""84x48"": 128,
  ""\""84x60"": 160,
  ""\""84x72"": 192,
  ""\""84x84"": 224,
  ""\""84x96"": 255,
  ""\""96x36"": 96,
  ""\""96x48"": 128,
  ""\""96x60"": 160,
  ""\""96x72"": 192,
  ""\""96x84"": 224,
  ""\""96x96"": 255
}"
options41,"roman_shade0, roman_shade1, roman_shade2, roman_shade3, roman_shade4, roman_shade5, roman_shade6, roman_shade7, roman_shade8, roman_shade9, roman_shade10, roman_shade11, roman_shade12, roman_shade13, roman_shade14",Additional Options,"6"" Valence","{
  ""\""24x36"": 19,
  ""\""24x48"": 19,
  ""\""24x60"": 19,
  ""\""24x72"": 19,
  ""\""24x84"": 19,
  ""\""24x96"": 19,
  ""\""36x36"": 28,
  ""\""36x48"": 28,
  ""\""36x60"": 28,
  ""\""36x72"": 28,
  ""\""36x84"": 28,
  ""\""36x96"": 28,
  ""\""48x36"": 37,
  ""\""48x48"": 37,
  ""\""48x60"": 37,
  ""\""48x72"": 37,
  ""\""48x84"": 37,
  ""\""48x96"": 37,
  ""\""60x36"": 46,
  ""\""60x48"": 46,
  ""\""60x60"": 46,
  ""\""60x72"": 46,
  ""\""60x84"": 46,
  ""\""60x96"": 46,
  ""\""72x36"": 55,
  ""\""72x48"": 55,
  ""\""72x60"": 55,
  ""\""72x72"": 55,
  ""\""72x84"": 55,
  ""\""72x96"": 55,
  ""\""84x36"": 65,
  ""\""84x48"": 65,
  ""\""84x60"": 65,
  ""\""84x72"": 65,
  ""\""84x84"": 65,
  ""\""84x96"": 65,
  ""\""96x36"": 74,
  ""\""96x48"": 74,
  ""\""96x60"": 74,
  ""\""96x72"": 74,
  ""\""96x84"": 74
}"
options42,"roman_shade0, roman_shade1, roman_shade2, roman_shade3, roman_shade4, roman_shade5, roman_shade6, roman_shade7, roman_shade8, roman_shade9, roman_shade10, roman_shade11, roman_shade12, roman_shade13, roman_shade14",Shade Styles,Seamless,0
options43,"roman_shade0, roman_shade1, roman_shade2, roman_shade3, roman_shade4, roman_shade5, roman_shade6, roman_shade7, roman_shade8, roman_shade9, roman_shade10, roman_shade11, roman_shade12, roman_shade13, roman_shade14",Shade Styles,Relaxed,0
options44,roman_shade0  ,Shade Styles,Classic Flat,"{
  ""\""24x36"": 60,
  ""\""24x48"": 68,
  ""\""24x60"": 80,
  ""\""24x72"": 86,
  ""\""24x84"": 96,
  ""\""24x96"": 102,
  ""\""36x36"": 68,
  ""\""36x48"": 81,
  ""\""36x60"": 88,
  ""\""36x72"": 102,
  ""\""36x84"": 113,
  ""\""36x96"": 131,
  ""\""48x36"": 79,
  ""\""48x48"": 92,
  ""\""48x60"": 102,
  ""\""48x72"": 116,
  ""\""48x84"": 127,
  ""\""48x96"": 139,
  ""\""60x36"": 101,
  ""\""60x48"": 115,
  ""\""60x60"": 131,
  ""\""60x72"": 144,
  ""\""60x84"": 158,
  ""\""60x96"": 174,
  ""\""72x36"": 113,
  ""\""72x48"": 123,
  ""\""72x60"": 134,
  ""\""72x72"": 156,
  ""\""72x84"": 169,
  ""\""72x96"": 185,
  ""\""84x36"": 119,
  ""\""84x48"": 131,
  ""\""84x60"": 146,
  ""\""84x72"": 166,
  ""\""84x84"": 176,
  ""\""84x96"": 192,
  ""\""96x36"": 142,
  ""\""96x48"": 166,
  ""\""96x60"": 207,
  ""\""96x72"": 228,
  ""\""96x84"": 250,
  ""\""96x96"": 267
}"
options45,"roman_shade1, roman_shade2, roman_shade3, roman_shade4",Shade Styles,Classic Flat,"{
  ""\""24x36"": 67,
  ""\""24x48"": 80,
  ""\""24x60"": 91,
  ""\""24x72"": 102,
  ""\""24x84"": 110,
  ""\""24x96"": 121,
  ""\""36x36"": 83,
  ""\""36x48"": 95,
  ""\""36x60"": 104,
  ""\""36x72"": 120,
  ""\""36x84"": 134,
  ""\""36x96"": 149,
  ""\""48x36"": 96,
  ""\""48x48"": 113,
  ""\""48x60"": 126,
  ""\""48x72"": 138,
  ""\""48x84"": 152,
  ""\""48x96"": 167,
  ""\""60x36"": 119,
  ""\""60x48"": 137,
  ""\""60x60"": 150,
  ""\""60x72"": 165,
  ""\""60x84"": 182,
  ""\""60x96"": 200,
  ""\""72x36"": 134,
  ""\""72x48"": 146,
  ""\""72x60"": 167,
  ""\""72x72"": 187,
  ""\""72x84"": 203,
  ""\""72x96"": 212,
  ""\""84x36"": 141,
  ""\""84x48"": 156,
  ""\""84x60"": 175,
  ""\""84x72"": 191,
  ""\""84x84"": 211,
  ""\""84x96"": 221,
  ""\""96x36"": 177,
  ""\""96x48"": 208,
  ""\""96x60"": 261,
  ""\""96x72"": 287,
  ""\""96x84"": 315,
  ""\""96x96"": 338
}"
options46,"roman_shade5, roman_shade6, roman_shade7",Shade Styles,Classic Flat,"{
  ""\""24x36"": 78,
  ""\""24x48"": 93,
  ""\""24x60"": 106,
  ""\""24x72"": 120,
  ""\""24x84"": 130,
  ""\""24x96"": 143,
  ""\""36x36"": 97,
  ""\""36x48"": 111,
  ""\""36x60"": 122,
  ""\""36x72"": 142,
  ""\""36x84"": 159,
  ""\""36x96"": 177,
  ""\""48x36"": 114,
  ""\""48x48"": 133,
  ""\""48x60"": 149,
  ""\""48x72"": 164,
  ""\""48x84"": 180,
  ""\""48x96"": 198,
  ""\""60x36"": 141,
  ""\""60x48"": 156,
  ""\""60x60"": 179,
  ""\""60x72"": 197,
  ""\""60x84"": 217,
  ""\""60x96"": 239,
  ""\""72x36"": 159,
  ""\""72x48"": 173,
  ""\""72x60"": 191,
  ""\""72x72"": 213,
  ""\""72x84"": 231,
  ""\""72x96"": 254,
  ""\""84x36"": 168,
  ""\""84x48"": 185,
  ""\""84x60"": 199,
  ""\""84x72"": 228,
  ""\""84x84"": 241,
  ""\""84x96"": 265,
  ""\""96x36"": 211,
  ""\""96x48"": 249,
  ""\""96x60"": 312,
  ""\""96x72"": 344,
  ""\""96x84"": 378,
  ""\""96x96"": 405
}"
options47,roman_shade8,Shade Styles,Classic Flat,"{
  ""\""24x36"": 91,
  ""\""24x48"": 109,
  ""\""24x60"": 125,
  ""\""24x72"": 142,
  ""\""24x84"": 161,
  ""\""24x96"": 177,
  ""\""36x36"": 115,
  ""\""36x48"": 131,
  ""\""36x60"": 145,
  ""\""36x72"": 169,
  ""\""36x84"": 189,
  ""\""36x96"": 211,
  ""\""48x36"": 134,
  ""\""48x48"": 158,
  ""\""48x60"": 177,
  ""\""48x72"": 195,
  ""\""48x84"": 215,
  ""\""48x96"": 237,
  ""\""60x36"": 167,
  ""\""60x48"": 193,
  ""\""60x60"": 212,
  ""\""60x72"": 245,
  ""\""60x84"": 271,
  ""\""60x96"": 299,
  ""\""72x36"": 189,
  ""\""72x48"": 206,
  ""\""72x60"": 238,
  ""\""72x72"": 266,
  ""\""72x84"": 289,
  ""\""72x96"": 304,
  ""\""84x36"": 200,
  ""\""84x48"": 221,
  ""\""84x60"": 248,
  ""\""84x72"": 285,
  ""\""84x84"": 302,
  ""\""84x96"": 317,
  ""\""96x36"": 252,
  ""\""96x48"": 298,
  ""\""96x60"": 375,
  ""\""96x72"": 413,
  ""\""96x84"": 454,
  ""\""96x96"": 487
}"
options48,"roman_shade9, roman_shade10, roman_shade11",Shade Styles,Classic Flat,"{
  ""\""24x36"": 115,
  ""\""24x48"": 132,
  ""\""24x60"": 152,
  ""\""24x72"": 174,
  ""\""24x84"": 197,
  ""\""24x96"": 218,
  ""\""36x36"": 145,
  ""\""36x48"": 167,
  ""\""36x60"": 185,
  ""\""36x72"": 217,
  ""\""36x84"": 243,
  ""\""36x96"": 271,
  ""\""48x36"": 170,
  ""\""48x48"": 202,
  ""\""48x60"": 228,
  ""\""48x72"": 251,
  ""\""48x84"": 276,
  ""\""48x96"": 305,
  ""\""60x36"": 214,
  ""\""60x48"": 237,
  ""\""60x60"": 261,
  ""\""60x72"": 303,
  ""\""60x84"": 335,
  ""\""60x96"": 370,
  ""\""72x36"": 243,
  ""\""72x48"": 265,
  ""\""72x60"": 293,
  ""\""72x72"": 328,
  ""\""72x84"": 357,
  ""\""72x96"": 393,
  ""\""84x36"": 257,
  ""\""84x48"": 284,
  ""\""84x60"": 306,
  ""\""84x72"": 352,
  ""\""84x84"": 372,
  ""\""84x96"": 392,
  ""\""96x36"": 325,
  ""\""96x48"": 385,
  ""\""96x60"": 486,
  ""\""96x72"": 537,
  ""\""96x84"": 590,
  ""\""96x96"": 633
}"
options49,"roman_shade12, roman_shade13, roman_shade14",Shade Styles,Classic Flat,"{
  ""\""24x36"": 135,
  ""\""24x48"": 157,
  ""\""24x60"": 181,
  ""\""24x72"": 198,
  ""\""24x84"": 225,
  ""\""24x96"": 249,
  ""\""36x36"": 173,
  ""\""36x48"": 199,
  ""\""36x60"": 220,
  ""\""36x72"": 258,
  ""\""36x84"": 291,
  ""\""36x96"": 325,
  ""\""48x36"": 203,
  ""\""48x48"": 241,
  ""\""48x60"": 272,
  ""\""48x72"": 300,
  ""\""48x84"": 331,
  ""\""48x96"": 366,
  ""\""60x36"": 256,
  ""\""60x48"": 284,
  ""\""60x60"": 313,
  ""\""60x72"": 347,
  ""\""60x84"": 383,
  ""\""60x96"": 424,
  ""\""72x36"": 291,
  ""\""72x48"": 317,
  ""\""72x60"": 352,
  ""\""72x72"": 394,
  ""\""72x84"": 428,
  ""\""72x96"": 451,
  ""\""84x36"": 401,
  ""\""84x48"": 446,
  ""\""84x60"": 480,
  ""\""84x72"": 553,
  ""\""84x84"": 561,
  ""\""84x96"": 591,
  ""\""96x36"": 390,
  ""\""96x48"": 463,
  ""\""96x60"": 585,
  ""\""96x72"": 646,
  ""\""96x84"": 710,
  ""\""96x96"": 763
}"
options50,roman_shade0  ,Shade Styles,Looped,"{
  ""\""24x36"": 144,
  ""\""24x48"": 163,
  ""\""24x60"": 192,
  ""\""24x72"": 207,
  ""\""24x84"": 231,
  ""\""24x96"": 244,
  ""\""36x36"": 164,
  ""\""36x48"": 193,
  ""\""36x60"": 211,
  ""\""36x72"": 244,
  ""\""36x84"": 271,
  ""\""36x96"": 313,
  ""\""48x36"": 189,
  ""\""48x48"": 220,
  ""\""48x60"": 245,
  ""\""48x72"": 279,
  ""\""48x84"": 306,
  ""\""48x96"": 334,
  ""\""60x36"": 241,
  ""\""60x48"": 275,
  ""\""60x60"": 314,
  ""\""60x72"": 345,
  ""\""60x84"": 379,
  ""\""60x96"": 417,
  ""\""72x36"": 271,
  ""\""72x48"": 294,
  ""\""72x60"": 322,
  ""\""72x72"": 374,
  ""\""72x84"": 405,
  ""\""72x96"": 444,
  ""\""84x36"": 285,
  ""\""84x48"": 314,
  ""\""84x60"": 350,
  ""\""84x72"": 398,
  ""\""84x84"": 421,
  ""\""84x96"": 462,
  ""\""96x36"": 340,
  ""\""96x48"": 399,
  ""\""96x60"": 498,
  ""\""96x72"": 547,
  ""\""96x84"": 599,
  ""\""96x96"": 641
}"
options51,"roman_shade1, roman_shade2, roman_shade3, roman_shade4",Shade Styles,Looped,"{
  ""\""24x36"": 161,
  ""\""24x48"": 191,
  ""\""24x60"": 218,
  ""\""24x72"": 244,
  ""\""24x84"": 265,
  ""\""24x96"": 290,
  ""\""36x36"": 199,
  ""\""36x48"": 227,
  ""\""36x60"": 249,
  ""\""36x72"": 289,
  ""\""36x84"": 321,
  ""\""36x96"": 358,
  ""\""48x36"": 231,
  ""\""48x48"": 270,
  ""\""48x60"": 303,
  ""\""48x72"": 332,
  ""\""48x84"": 364,
  ""\""48x96"": 400,
  ""\""60x36"": 286,
  ""\""60x48"": 329,
  ""\""60x60"": 361,
  ""\""60x72"": 397,
  ""\""60x84"": 437,
  ""\""60x96"": 481,
  ""\""72x36"": 321,
  ""\""72x48"": 350,
  ""\""72x60"": 401,
  ""\""72x72"": 448,
  ""\""72x84"": 486,
  ""\""72x96"": 510,
  ""\""84x36"": 339,
  ""\""84x48"": 374,
  ""\""84x60"": 419,
  ""\""84x72"": 458,
  ""\""84x84"": 506,
  ""\""84x96"": 531,
  ""\""96x36"": 425,
  ""\""96x48"": 500,
  ""\""96x60"": 626,
  ""\""96x72"": 690,
  ""\""96x84"": 756,
  ""\""96x96"": 810
}"
options52,"roman_shade5, roman_shade6, roman_shade7",Shade Styles,Looped,"{
  ""\""24x36"": 188,
  ""\""24x48"": 223,
  ""\""24x60"": 255,
  ""\""24x72"": 289,
  ""\""24x84"": 312,
  ""\""24x96"": 344,
  ""\""36x36"": 234,
  ""\""36x48"": 267,
  ""\""36x60"": 294,
  ""\""36x72"": 342,
  ""\""36x84"": 382,
  ""\""36x96"": 425,
  ""\""48x36"": 273,
  ""\""48x48"": 320,
  ""\""48x60"": 358,
  ""\""48x72"": 393,
  ""\""48x84"": 433,
  ""\""48x96"": 476,
  ""\""60x36"": 338,
  ""\""60x48"": 373,
  ""\""60x60"": 428,
  ""\""60x72"": 472,
  ""\""60x84"": 521,
  ""\""60x96"": 574,
  ""\""72x36"": 382,
  ""\""72x48"": 415,
  ""\""72x60"": 458,
  ""\""72x72"": 510,
  ""\""72x84"": 554,
  ""\""72x96"": 609,
  ""\""84x36"": 403,
  ""\""84x48"": 445,
  ""\""84x60"": 477,
  ""\""84x72"": 546,
  ""\""84x84"": 577,
  ""\""84x96"": 635,
  ""\""96x36"": 506,
  ""\""96x48"": 597,
  ""\""96x60"": 750,
  ""\""96x72"": 827,
  ""\""96x84"": 907,
  ""\""96x96"": 973
}"
options53,roman_shade8,Shade Styles,Looped,"{
  ""\""24x36"": 219,
  ""\""24x48"": 262,
  ""\""24x60"": 301,
  ""\""24x72"": 341,
  ""\""24x84"": 386,
  ""\""24x96"": 426,
  ""\""36x36"": 275,
  ""\""36x48"": 315,
  ""\""36x60"": 347,
  ""\""36x72"": 406,
  ""\""36x84"": 455,
  ""\""36x96"": 507,
  ""\""48x36"": 321,
  ""\""48x48"": 379,
  ""\""48x60"": 426,
  ""\""48x72"": 468,
  ""\""48x84"": 516,
  ""\""48x96"": 568,
  ""\""60x36"": 400,
  ""\""60x48"": 464,
  ""\""60x60"": 510,
  ""\""60x72"": 589,
  ""\""60x84"": 649,
  ""\""60x96"": 717,
  ""\""72x36"": 455,
  ""\""72x48"": 495,
  ""\""72x60"": 571,
  ""\""72x72"": 639,
  ""\""72x84"": 693,
  ""\""72x96"": 729,
  ""\""84x36"": 480,
  ""\""84x48"": 530,
  ""\""84x60"": 596,
  ""\""84x72"": 684,
  ""\""84x84"": 724,
  ""\""84x96"": 760,
  ""\""96x36"": 604,
  ""\""96x48"": 715,
  ""\""96x60"": 899,
  ""\""96x72"": 992,
  ""\""96x84"": 1090,
  ""\""96x96"": 1169
}"
options54,"roman_shade9, roman_shade10, roman_shade11",Shade Styles,Looped,"{
  ""\""24x36"": 275,
  ""\""24x48"": 318,
  ""\""24x60"": 366,
  ""\""24x72"": 417,
  ""\""24x84"": 473,
  ""\""24x96"": 522,
  ""\""36x36"": 348,
  ""\""36x48"": 400,
  ""\""36x60"": 444,
  ""\""36x72"": 520,
  ""\""36x84"": 584,
  ""\""36x96"": 651,
  ""\""48x36"": 409,
  ""\""48x48"": 485,
  ""\""48x60"": 546,
  ""\""48x72"": 602,
  ""\""48x84"": 663,
  ""\""48x96"": 733,
  ""\""60x36"": 514,
  ""\""60x48"": 569,
  ""\""60x60"": 627,
  ""\""60x72"": 726,
  ""\""60x84"": 803,
  ""\""60x96"": 887,
  ""\""72x36"": 584,
  ""\""72x48"": 636,
  ""\""72x60"": 704,
  ""\""72x72"": 788,
  ""\""72x84"": 856,
  ""\""72x96"": 944,
  ""\""84x36"": 616,
  ""\""84x48"": 683,
  ""\""84x60"": 734,
  ""\""84x72"": 844,
  ""\""84x84"": 894,
  ""\""84x96"": 940,
  ""\""96x36"": 780,
  ""\""96x48"": 925,
  ""\""96x60"": 1167,
  ""\""96x72"": 1288,
  ""\""96x84"": 1416,
  ""\""96x96"": 1520
}"
options55,"roman_shade12, roman_shade13, roman_shade14",Shade Styles,Looped,"{
  ""\""24x36"": 324,
  ""\""24x48"": 376,
  ""\""24x60"": 435,
  ""\""24x72"": 474,
  ""\""24x84"": 539,
  ""\""24x96"": 597,
  ""\""36x36"": 414,
  ""\""36x48"": 477,
  ""\""36x60"": 529,
  ""\""36x72"": 620,
  ""\""36x84"": 699,
  ""\""36x96"": 780,
  ""\""48x36"": 487,
  ""\""48x48"": 579,
  ""\""48x60"": 653,
  ""\""48x72"": 720,
  ""\""48x84"": 795,
  ""\""48x96"": 878,
  ""\""60x36"": 614,
  ""\""60x48"": 681,
  ""\""60x60"": 751,
  ""\""60x72"": 832,
  ""\""60x84"": 920,
  ""\""60x96"": 1017,
  ""\""72x36"": 699,
  ""\""72x48"": 762,
  ""\""72x60"": 844,
  ""\""72x72"": 945,
  ""\""72x84"": 1027,
  ""\""72x96"": 1083,
  ""\""84x36"": 963,
  ""\""84x48"": 1070,
  ""\""84x60"": 1152,
  ""\""84x72"": 1328,
  ""\""84x84"": 1347,
  ""\""84x96"": 1417,
  ""\""96x36"": 935,
  ""\""96x48"": 1112,
  ""\""96x60"": 1404,
  ""\""96x72"": 1551,
  ""\""96x84"": 1704,
  ""\""96x96"": 1832
}"
options56,"roman_shade0, roman_shade1, roman_shade2, roman_shade3, roman_shade4, roman_shade5, roman_shade6, roman_shade7, roman_shade8, roman_shade9, roman_shade10, roman_shade11, roman_shade12, roman_shade13, roman_shade14",Control Options,Cordless,0
options57,"roman_shade0, roman_shade1, roman_shade2, roman_shade3, roman_shade4, roman_shade5, roman_shade6, roman_shade7, roman_shade8, roman_shade9, roman_shade10, roman_shade11, roman_shade12, roman_shade13, roman_shade14",Control Options,Continuous Loop,0
options58,"roman_shade0, roman_shade1, roman_shade2, roman_shade3, roman_shade4, roman_shade5, roman_shade6, roman_shade7, roman_shade8, roman_shade9, roman_shade10, roman_shade11, roman_shade12, roman_shade13, roman_shade14",Control Options,Motorized,"{
  ""\""24x36"": 500,
  ""\""24x48"": 500,
  ""\""24x60"": 500,
  ""\""24x72"": 500,
  ""\""24x84"": 500,
  ""\""24x96"": 500,
  ""\""36x36"": 500,
  ""\""36x48"": 500,
  ""\""36x60"": 500,
  ""\""36x72"": null,
  ""\""36x84"": null,
  ""\""36x96"": null,
  ""\""48x36"": 500,
  ""\""48x48"": 500,
  ""\""48x60"": null,
  ""\""48x72"": null,
  ""\""48x84"": null,
  ""\""48x96"": null,
  ""\""60x36"": 500,
  ""\""60x48"": null,
  ""\""60x60"": null,
  ""\""60x72"": null,
  ""\""60x84"": null,
  ""\""60x96"": null,
  ""\""72x36"": null,
  ""\""72x48"": null,
  ""\""72x60"": null,
  ""\""72x72"": null,
  ""\""72x84"": null,
  ""\""72x96"": null,
  ""\""84x36"": null,
  ""\""84x48"": null,
  ""\""84x60"": null,
  ""\""84x72"": null,
  ""\""84x84"": null,
  ""\""84x96"": null,
  ""\""96x36"": null,
  ""\""96x48"": null,
  ""\""96x60"": null,
  ""\""96x72"": null,
  ""\""96x84"": null,
  ""\""96x96"": null
}"
options59,"roman_shade0, roman_shade1, roman_shade2, roman_shade3, roman_shade4, roman_shade5, roman_shade6, roman_shade7, roman_shade8, roman_shade9, roman_shade10, roman_shade11, roman_shade12, roman_shade13, roman_shade14",Motorization Options,Single Channel Remote,89
options60,"roman_shade0, roman_shade1, roman_shade2, roman_shade3, roman_shade4, roman_shade5, roman_shade6, roman_shade7, roman_shade8, roman_shade9, roman_shade10, roman_shade11, roman_shade12, roman_shade13, roman_shade14",Motorization Options,12 Channel Remote,158
options61,"roman_shade0, roman_shade1, roman_shade2, roman_shade3, roman_shade4, roman_shade5, roman_shade6, roman_shade7, roman_shade8, roman_shade9, roman_shade10, roman_shade11, roman_shade12, roman_shade13, roman_shade14",Motorization Options,Charger,11
options62,"quick_ship_panel0, quick_ship_panel1, quick_ship_panel2, quick_ship_panel3, quick_ship_panel4, quick_ship_panel5, quick_ship_panel6, quick_ship_panel7, quick_ship_panel8, quick_ship_panel9, quick_ship_panel10, quick_ship_panel11, quick_ship_panel12, quick_ship_panel13, quick_ship_panel14",Liner Options,No Liner,0
options63,"quick_ship_panel0, quick_ship_panel1, quick_ship_panel2, quick_ship_panel3, quick_ship_panel4, quick_ship_panel5, quick_ship_panel6, quick_ship_panel7, quick_ship_panel8, quick_ship_panel9, quick_ship_panel10, quick_ship_panel11, quick_ship_panel12, quick_ship_panel13, quick_ship_panel14",Liner Options,Standard Liner,0
options64,"quick_ship_panel0, quick_ship_panel1, quick_ship_panel2, quick_ship_panel3, quick_ship_panel4, quick_ship_panel5, quick_ship_panel6, quick_ship_panel7, quick_ship_panel8, quick_ship_panel9, quick_ship_panel10, quick_ship_panel11, quick_ship_panel12, quick_ship_panel13, quick_ship_panel14",Liner Options,Dimout Liner,"{
  ""1Wx60"": 20,
  ""\""1Wx72"": 20,
  ""\""1Wx84"": 20,
  ""\""1Wx96"": 20,
  ""\""1Wx120"": 20,
  ""\""2Wx60"": 41,
  ""\""2Wx72"": 41,
  ""\""2Wx84"": 41,
  ""\""2Wx96"": 41,
  ""\""2Wx120"": 41
}"
options65,"quick_ship_panel0, quick_ship_panel1, quick_ship_panel2, quick_ship_panel3, quick_ship_panel4, quick_ship_panel5, quick_ship_panel6, quick_ship_panel7, quick_ship_panel8, quick_ship_panel9, quick_ship_panel10, quick_ship_panel11, quick_ship_panel12, quick_ship_panel13, quick_ship_panel14",Liner Options,Blackout Liner,"{
  ""1Wx60"": 32,
  ""\""1Wx72"": 32,
  ""\""1Wx84"": 32,
  ""\""1Wx96"": 32,
  ""\""1Wx120"": 32,
  ""\""2Wx60"": 63,
  ""\""2Wx72"": 63,
  ""\""2Wx84"": 63,
  ""\""2Wx96"": 63,
  ""\""2Wx120"": 63
}"
options66,"quick_ship_panel0, quick_ship_panel1, quick_ship_panel2, quick_ship_panel3, quick_ship_panel4, quick_ship_panel5, quick_ship_panel6, quick_ship_panel7, quick_ship_panel8, quick_ship_panel9, quick_ship_panel10, quick_ship_panel11, quick_ship_panel12, quick_ship_panel13, quick_ship_panel14",Additional Options,Decorative Tape,"{
  ""1Wx60"": 128,
  ""\""1Wx72"": 160,
  ""\""1Wx84"": 192,
  ""\""1Wx96"": 224,
  ""\""1Wx120"": 255,
  ""\""2Wx60"": 128,
  ""\""2Wx72"": 160,
  ""\""2Wx84"": 192,
  ""\""2Wx96"": 224,
  ""\""2Wx120"": 255
}"
options67,"quick_ship_panel0, quick_ship_panel1, quick_ship_panel2, quick_ship_panel3, quick_ship_panel4, quick_ship_panel5, quick_ship_panel6, quick_ship_panel7, quick_ship_panel8, quick_ship_panel9, quick_ship_panel10, quick_ship_panel11, quick_ship_panel12, quick_ship_panel13, quick_ship_panel14",Hardware Options,Decorative Pole With Rings,267
options68,"quick_ship_panel0, quick_ship_panel1, quick_ship_panel2, quick_ship_panel3, quick_ship_panel4, quick_ship_panel5, quick_ship_panel6, quick_ship_panel7, quick_ship_panel8, quick_ship_panel9, quick_ship_panel10, quick_ship_panel11, quick_ship_panel12, quick_ship_panel13, quick_ship_panel14",Hardware Options,French Return With Rings,267
options69,"quick_ship_panel0, quick_ship_panel1, quick_ship_panel2, quick_ship_panel3, quick_ship_panel4, quick_ship_panel5, quick_ship_panel6, quick_ship_panel7, quick_ship_panel8, quick_ship_panel9, quick_ship_panel10, quick_ship_panel11, quick_ship_panel12, quick_ship_panel13, quick_ship_panel14",Hardware Options,Decorative Traverse Rod,637